Puesto	User 1	Nombre 1	Asistencia	User 2	Nombre 2	Asistencia
 **A1 01-A** 	 jnpoblete 	 Jose Poblete 		  	   	
 **A1 01-B/C** 	 berrazuriz1 	 Benjamin Errazuriz 		 GabrielGarib 	 Gabriel Garib 	
 **A1 01-D/E** 	 ofvera 	 Octavio Vera 		 asdegoyeneche 	 Alfredo De Goyeneche 	
 **A1 01-F/G** 	 B-Dominguez 	 Benjamin Dominguez 		 mduhalde1 	 Magdalena Duhalde 	
 **A1 01-H/I** 	 Okhan97 	 Ignacio Peã‘Afiel 		 malopez16 	 Mauricio Lopez 	
 **A1 01-J/K** 	 fmiranda22 	 Francisco Miranda 		 nfbalbontin 	 Nicolas Balbontin 	
 **A1 01-L/M** 	 adisrael 	 Alexander Israel 		 bimartinez 	 Benjamin Martinez 	
 **A1 02-A/B** 	 fcgfaura 	 Fernanda Garcia 		 rgriver 	 Rodrigo Rivera 	
 **A1 02-C/D** 	 cnscheihing 	 Claudio Scheihing 		 Javierdr 	 Javier Dreves 	
 **A1 02-E/F** 	 vaguila95 	 Vicente Aguila 		 Arcoirisky 	 Jessica Hormazabal 	
 **A1 02-G/H** 	 mgabrielam 	 Maria Cajamarca 		 BeaGaete 	 Beatriz Gaete 	
 **A1 02-I/J** 	 danyestay 	 Daniel Estay 		 Zupeuc 	 Daniel Zupeuc 	
 **A1 02-K/L** 	 sofiapacheco1 	 Sofia Pacheco 		 acrojas2 	 Alejandra Rojas 	
 **A1 03-A/B** 	 tomvalenz 	 Tomas Valenzuela 		 anguiloff 	 Allan Guiloff 	
 **A1 03-C/D** 	 jnlarrain 	 Jose Larrain 		 alobatog 	 Alejandro Lobato 	
 **A1 03-E/F** 	 GastonGaete 	 Gaston Gaete 		 nivek0o0 	 Kevin Johnson 	
 **A1 03-G/H** 	 jorgeriesco 	 Jorge Riesco 		 djcontador 	 Daniela Contador 	
 **A1 03-I/J** 	 dgonzalezg 	 Diego Gonzalez 		 consuvalencia 	 Consuelo Valencia 	
 **A1 03-K/L** 	 maxjosecr 	 Maximiliano Cortes 		 BibarelUsedFly 	 Felipe Villagran 	
 **A1 04-A/B** 	 yoavnavon 	 Yoav Navon 		 afcarvallo 	 Andres Carvallo 	
 **A1 04-C/D** 	 aeperalta 	 Agustin Peralta 		 ChayoPerez 	 Rosario Perez 	
 **A1 04-E/F** 	 tcgarrido 	 Tanya Garrido 		 cghernandez 	 Claudio Hernandez 	
 **A1 04-G/H** 	 pcsalvo 	 Paula Salvo 		 dfvasquez 	 Daniela Vasquez 	
 **A1 04-I/J** 	 rfenzo 	 Romano Fenzo 		 bhguajardo 	 Benjamin Guajardo 	
 **A1 04-K/L** 	 nborquezg 	 Nicolas Borquez 		 nachojarasaez 	 Ignacio Jara 	
 **A1 05-A/B** 	 GustavPrudencio 	 Gustavo Prudencio 		 Valus001 	 Jaime Yunge 	
 **A1 05-C/D** 	 jiaranda 	 Javier Aranda 		 anavarro01 	 Andres Navarro 	
 **A1 05-E/F** 	 movaldivia 	 Mauricio Valdivia 		 JaviFerrada 	 Javiera Ferrada 	
 **A1 05-G/H** 	 mguerreromir 	 Matias Guerrero 		 AmbrosioV 	 Ambrosio Valdes 	
 **A1 05-I/J** 	 nlaraya 	 Nicolas Araya 		 frvalenzuela 	 Felipe Valenzuela 	
 **A1 05-K/L** 	 Mtcoloma 	 Matias Coloma 		 tburotto 	 Tomas Burotto 	
 **A1 06-A/B** 	 gud93 	 Gregorio Undurraga 		 bvantellic 	 Bruno Vantelli 	
 **A1 06-C/D** 	 almabeta 	 Guillermo Orellana 		 macarenasoffia 	 Macarena Soffia 	
 **A1 06-E/F** 	 Rudyjb24 	 Rudyard Jerez 		 timellado 	 Tomas Mellado 	
 **A1 06-G/H** 	 monicabelen 	 Monica Ballesteros 		 TamaraCucumides 	 Tamara Cucumides 	
 **A1 06-I/J** 	 sbayelle 	 Jose Bayelle 		 kadawn0 	 Catalina Sarmiento 	
 **A1 06-K/L** 	 Magdars 	 Magdalena Reyes 		 pinavarrete 	 Patricio Navarrete 	
 **E15 01-A/B** 	 andreslyon 	 Andres Lyon 		 mbfuster 	 Maria Fuster 	
 **E15 01-C/D** 	 Genaron 	 Genaro Laymuns 		 lvvillarroel 	 Leyla Villarroel 	
 **E15 01-E/F** 	 norman123123 	 Norman Oliden 		 Mnfriedl 	 Maximiliano Friedl 	
 **E15 01-G/H** 	 CheloRiveros 	 Marcelo Riveros 		 maxfreymo 	 Maximiliano Frey 	
 **E15 01-I/J** 	 neberrios 	 Nicolas Berrios 		 cho19 	 Ignacio Acosta 	
 **E15 01-K/L** 	 Nicolasvegam 	 Nicolas Vega 		 stgoa 	 Santiago Armstrong 	
 **E15 02-A/B** 	 ftvannievelt 	 Francisco Van Nievelt 		 pita-horn 	 Esperanza Horn 	
 **E15 02-C/D** 	 vamarambio 	 Victor Marambio 		 elramirezv123 	 Eleuterio Ramirez 	
 **E15 02-E/F** 	 felipesilvadv 	 Luis Silva 		 ranieto 	 Ronny Nieto 	
 **E15 02-G/H** 	 juvaldes 	 Jose Valdes 		 sschwarzenberg 	 Sofia Schwarzenberg 	
 **E15 02-I/J** 	 Minjor 	 Martin Peã‘A 		 lefischer 	 Laura Fischer 	
 **E15 02-K/L** 	 GabrielLyonB 	 Gabriel Lyon 		 hagarces 	 Hector Garces 	
 **E15 03-A/B** 	 vijuarez 	 Vicente Juarez 		 Julius9 	 Julio Huerta 	
 **E15 03-C/D** 	 JMOrellana 	 Javier Orellana 		 jhughesm 	 James Hughes 	
 **E15 03-E/F** 	 iacontreras 	 Ignacio Contreras 		 bleon1 	 Benjamin Leon 	
 **E15 03-G/H** 	 Veenty 	 Vicente Gomez 		 TomasSalvadores 	 Tomas Salvadores 	
 **E15 03-I/J** 	 Dunkan1 	 Dunkan Torres 		 rorufuuu 	 Rolf Sommer 	
 **E15 03-K/L** 	 jjnestler 	 Juan Nestler 		 maogaz 	 Mario Ogaz 	
 **E15 04-A/B** 	 ignacioaraya1995 	 Ignacio Araya 		 LuisFros 	 Luis Fros 	
 **E15 04-C/D** 	 Simon-Icaro 	 Simon Rodriguez 		 Drpinto1 	 Dante Pinto 	
 **E15 04-E/F** 	 seba608 	 Sebastian Ortiz 		 PrograAvanzada2017 	 Jose Laguna 	
 **E15 04-G/H** 	 pizquierdo2 	 Pedro Izquierdo 		 PIPEAPABLAZA 	 Felipe Apablaza 	
 **E15 04-I/J** 	 bmespinoza 	 Barbara Espinoza 		 Kitaps 	 Patrick Liedtke 	
 **E15 04-K/L** 	 BenjaPrograma 	 Benjamin Yon 		 fernddevidts 	 Fernanda Delgado 	
 **E15 05-A/B** 	 NatachaP 	 Natacha Piã‘A 		 JoseValencia125 	 Jose Valencia 	
 **E15 05-C/D** 	 KnowYourselves 	 Raul Alvarez 		 diegonavarrovergara 	 Diego Navarro 	
 **E15 05-E/F** 	 FranSchiaffino934 	 Francisca Schiaffino 		 Fhguinez 	 Francisco Guiã‘Ez 	
 **E15 05-G/H** 	 cilopez 	 Camilo Lopez 		 juanfra16 	 Juan Rojas 	
 **E15 05-I/J** 	 chapito96 	 Santiago Torres 		 felipe-barria95 	 Felipe Barria 	
 **E15 05-K/L** 	 egromero 	 Erick Romero 		 cmgainza 	 Constanza Gainza 	
 **E15 06-A/B** 	 JIGutierrez 	 Jose Gutierrez 		 FarDust 	 Gabriel Faundez 	
 **E15 06-C/D** 	 eavillagran 	 Emilio Villagran 		 ManuelSCR 	 Manuel Santa Cruz 	
 **E15 06-E/F** 	 mafillol 	 Macarena Fillol 		 egbusch 	 Esteban Busch 	
 **E15 06-G/H** 	 pggodoy 	 Pablo Godoy 		 rjdelrio 	 Raul Del Rio 	
 **C403 01-A/B** 	 sfga 	 Simon Garces 		 FJavierOss 	 Francisco Ossandon 	
 **C403 01-C/D** 	 GonzaloCalvo 	 Gonzalo Calvo 		 Amanriquez11 	 Andres Manriquez 	
 **C403 01-E/F** 	 estebanmb 	 Esteban Mestre 		 nhorellana 	 Nicolas Orellana 	
 **C403 01-G/H** 	 fantinee 	 Melanie Rojas 		 IriSalazar 	 Irina Salazar 	
 **C403 01-I/J** 	 nlvargas 	 Nicolas Vargas 		 akaminetzkyp 	 Alejandro Kaminetzky 	
 **C403 01-K/L** 	 dnalfaro 	 Diego Alfaro 		 aSPCA 	 Martin Concha 	
 **C403 02-A/B** 	 glbello 	 Gonzalo Bello 		 fdominguezclaro 	 Felipe Dominguez 	
 **C403 02-C/D** 	 mjaguirre 	 Manuel Aguirre 		 rodrigozs 	 Rodrigo Zapata 	
 **C403 02-E/F** 	 lechodiman 	 Luis Chodiman 		 HenryBlairG 	 Henry Blair 	
 **C403 02-G/H** 	 BcruzUC 	 Benjamin Cruz 		 pasilvac 	 Patricia Silva 	
 **C403 02-I/J** 	 svergara1 	 Santiago Vergara 		 Jaluco 	 Jose Luco 	
 **C403 02-K/L** 	 benjamimo1 	 Benjamin Muã‘Oz 		 gbordoni 	 Gianfranco Bordoni 	
 **C403 03-A/B** 	 NicolasCabello 	 Nicolas Cabello 		 qukaah 	 Fernando Feliu 	
 **C403 03-C/D** 	 MatiasIgnacioGalleguillosCespedes 	 Matias Galleguillos 		 jnhasard 	 Jacques Hasard 	
 **C403 03-E/F** 	 jgramsch 	 Jose Gramsch 		 chuma9615 	 Domingo Ramirez 	
 **C403 03-G/H** 	 cafuentes1 	 Carlos Fuentes 		 ValentinaAlvarezG 	 Valentina Alvarez 	
 **C403 03-I/J** 	 RickyUC 	 Ricardo Del Rio 		 negutierrez 	 Nicolas Gutierrez 	
 **C403 03-K/L** 	 emontecinos 	 Eduardo Montecinos 		 josemlira 	 Jose Morales 	
 **C403 04-A/B** 	 Tomizaky 	 Tomas Verdugo 		 smanriquez96 	 Sebastian Manriquez 	
 **C403 04-C/D** 	 nvielva 	 Nicolas Vielva 		 legramsch 	 Lucas Gramsch 	